Name;DisplayName;extensionAttribute1;OU;Description
NNA-APP-AWS-Burner1;DisplayFor NNA-APP-AWS-Burner1;Attribute_NNA-APP-AWS-Burner1;OU=myOU,DC=mydomain,DC=com;description
NNA-APP-AWS-Burner2;DisplayFor NNA-APP-AWS-Burner2;Attribute_NNA-APP-AWS-Burner2;OU=myOU,DC=mydomain,DC=com;description
NNA-APP-AWS-Burner3;DisplayFor NNA-APP-AWS-Burner3;Attribute_NNA-APP-AWS-Burner3;OU=myOU,DC=mydomain,DC=com;description
NNA-APP-AWS-Burner4;DisplayFor NNA-APP-AWS-Burner4;Attribute_NNA-APP-AWS-Burner4;OU=myOU,DC=mydomain,DC=com;description
NNA-APP-AWS-Burner5;DisplayFor NNA-APP-AWS-Burner5;Attribute_NNA-APP-AWS-Burner5;OU=myOU,DC=mydomain,DC=com;description
NNA-APP-AWS-Burner6;DisplayFor NNA-APP-AWS-Burner6;Attribute_NNA-APP-AWS-Burner6;OU=myOU,DC=mydomain,DC=com;description
NNA-APP-AWS-Burner7;DisplayFor NNA-APP-AWS-Burner7;Attribute_NNA-APP-AWS-Burner7;OU=myOU,DC=mydomain,DC=com;description
NNA-APP-AWS-Burner8;DisplayFor NNA-APP-AWS-Burner8;Attribute_NNA-APP-AWS-Burner8;OU=myOU,DC=mydomain,DC=com;description
NNA-APP-AWS-Burner9;DisplayFor NNA-APP-AWS-Burner9;Attribute_NNA-APP-AWS-Burner9;OU=myOU,DC=mydomain,DC=com;description
NNA-APP-AWS-Burner10;DisplayFor NNA-APP-AWS-Burner10;Attribute_NNA-APP-AWS-Burner10;OU=myOU,DC=mydomain,DC=com;description
NNA-APP-AWS-Burner11;DisplayFor NNA-APP-AWS-Burner11;Attribute_NNA-APP-AWS-Burner11;OU=myOU,DC=mydomain,DC=com;description
NNA-APP-AWS-Burner12;DisplayFor NNA-APP-AWS-Burner12;Attribute_NNA-APP-AWS-Burner12;OU=myOU,DC=mydomain,DC=com;description
NNA-APP-AWS-Burner13;DisplayFor NNA-APP-AWS-Burner13;Attribute_NNA-APP-AWS-Burner13;OU=myOU,DC=mydomain,DC=com;description
NNA-APP-AWS-Burner14;DisplayFor NNA-APP-AWS-Burner14;Attribute_NNA-APP-AWS-Burner14;OU=myOU,DC=mydomain,DC=com;description
NNA-APP-AWS-Burner15;DisplayFor NNA-APP-AWS-Burner15;Attribute_NNA-APP-AWS-Burner15;OU=myOU,DC=mydomain,DC=com;description
NNA-APP-AWS-Burner16;DisplayFor NNA-APP-AWS-Burner16;Attribute_NNA-APP-AWS-Burner16;OU=myOU,DC=mydomain,DC=com;description
NNA-APP-AWS-Burner17;DisplayFor NNA-APP-AWS-Burner17;Attribute_NNA-APP-AWS-Burner17;OU=myOU,DC=mydomain,DC=com;description
NNA-APP-AWS-Burner18;DisplayFor NNA-APP-AWS-Burner18;Attribute_NNA-APP-AWS-Burner18;OU=myOU,DC=mydomain,DC=com;description
NNA-APP-AWS-Burner19;DisplayFor NNA-APP-AWS-Burner19;Attribute_NNA-APP-AWS-Burner19;OU=myOU,DC=mydomain,DC=com;description
NNA-APP-AWS-Burner20;DisplayFor NNA-APP-AWS-Burner20;Attribute_NNA-APP-AWS-Burner20;OU=myOU,DC=mydomain,DC=com;description
NNA-APP-AWS-Burner21;DisplayFor NNA-APP-AWS-Burner21;Attribute_NNA-APP-AWS-Burner21;OU=myOU,DC=mydomain,DC=com;description
NNA-APP-AWS-Burner22;DisplayFor NNA-APP-AWS-Burner22;Attribute_NNA-APP-AWS-Burner22;OU=myOU,DC=mydomain,DC=com;description
NNA-APP-AWS-Burner23;DisplayFor NNA-APP-AWS-Burner23;Attribute_NNA-APP-AWS-Burner23;OU=myOU,DC=mydomain,DC=com;description
NNA-APP-AWS-Burner24;DisplayFor NNA-APP-AWS-Burner24;Attribute_NNA-APP-AWS-Burner24;OU=myOU,DC=mydomain,DC=com;description
NNA-APP-AWS-Burner25;DisplayFor NNA-APP-AWS-Burner25;Attribute_NNA-APP-AWS-Burner25;OU=myOU,DC=mydomain,DC=com;description
NNA-APP-AWS-Burner26;DisplayFor NNA-APP-AWS-Burner26;Attribute_NNA-APP-AWS-Burner26;OU=myOU,DC=mydomain,DC=com;description
NNA-APP-AWS-Burner27;DisplayFor NNA-APP-AWS-Burner27;Attribute_NNA-APP-AWS-Burner27;OU=myOU,DC=mydomain,DC=com;description
NNA-APP-AWS-Burner28;DisplayFor NNA-APP-AWS-Burner28;Attribute_NNA-APP-AWS-Burner28;OU=myOU,DC=mydomain,DC=com;description
NNA-APP-AWS-Burner29;DisplayFor NNA-APP-AWS-Burner29;Attribute_NNA-APP-AWS-Burner29;OU=myOU,DC=mydomain,DC=com;description
NNA-APP-AWS-Burner30;DisplayFor NNA-APP-AWS-Burner30;Attribute_NNA-APP-AWS-Burner30;OU=myOU,DC=mydomain,DC=com;description
NNA-APP-AWS-Burner31;DisplayFor NNA-APP-AWS-Burner31;Attribute_NNA-APP-AWS-Burner31;OU=myOU,DC=mydomain,DC=com;description
NNA-APP-AWS-Burner32;DisplayFor NNA-APP-AWS-Burner32;Attribute_NNA-APP-AWS-Burner32;OU=myOU,DC=mydomain,DC=com;description
NNA-APP-AWS-Burner33;DisplayFor NNA-APP-AWS-Burner33;Attribute_NNA-APP-AWS-Burner33;OU=myOU,DC=mydomain,DC=com;description
NNA-APP-AWS-Burner34;DisplayFor NNA-APP-AWS-Burner34;Attribute_NNA-APP-AWS-Burner34;OU=myOU,DC=mydomain,DC=com;description
NNA-APP-AWS-Burner35;DisplayFor NNA-APP-AWS-Burner35;Attribute_NNA-APP-AWS-Burner35;OU=myOU,DC=mydomain,DC=com;description
NNA-APP-AWS-Burner36;DisplayFor NNA-APP-AWS-Burner36;Attribute_NNA-APP-AWS-Burner36;OU=myOU,DC=mydomain,DC=com;description
NNA-APP-AWS-Burner37;DisplayFor NNA-APP-AWS-Burner37;Attribute_NNA-APP-AWS-Burner37;OU=myOU,DC=mydomain,DC=com;description
NNA-APP-AWS-Burner38;DisplayFor NNA-APP-AWS-Burner38;Attribute_NNA-APP-AWS-Burner38;OU=myOU,DC=mydomain,DC=com;description
NNA-APP-AWS-Burner39;DisplayFor NNA-APP-AWS-Burner39;Attribute_NNA-APP-AWS-Burner39;OU=myOU,DC=mydomain,DC=com;description
NNA-APP-AWS-Burner40;DisplayFor NNA-APP-AWS-Burner40;Attribute_NNA-APP-AWS-Burner40;OU=myOU,DC=mydomain,DC=com;description
NNA-APP-AWS-Burner41;DisplayFor NNA-APP-AWS-Burner41;Attribute_NNA-APP-AWS-Burner41;OU=myOU,DC=mydomain,DC=com;description
NNA-APP-AWS-Burner42;DisplayFor NNA-APP-AWS-Burner42;Attribute_NNA-APP-AWS-Burner42;OU=myOU,DC=mydomain,DC=com;description
NNA-APP-AWS-Burner43;DisplayFor NNA-APP-AWS-Burner43;Attribute_NNA-APP-AWS-Burner43;OU=myOU,DC=mydomain,DC=com;description
NNA-APP-AWS-Burner44;DisplayFor NNA-APP-AWS-Burner44;Attribute_NNA-APP-AWS-Burner44;OU=myOU,DC=mydomain,DC=com;description
NNA-APP-AWS-Burner45;DisplayFor NNA-APP-AWS-Burner45;Attribute_NNA-APP-AWS-Burner45;OU=myOU,DC=mydomain,DC=com;description
NNA-APP-AWS-Burner46;DisplayFor NNA-APP-AWS-Burner46;Attribute_NNA-APP-AWS-Burner46;OU=myOU,DC=mydomain,DC=com;description
NNA-APP-AWS-Burner47;DisplayFor NNA-APP-AWS-Burner47;Attribute_NNA-APP-AWS-Burner47;OU=myOU,DC=mydomain,DC=com;description
NNA-APP-AWS-Burner48;DisplayFor NNA-APP-AWS-Burner48;Attribute_NNA-APP-AWS-Burner48;OU=myOU,DC=mydomain,DC=com;description
NNA-APP-AWS-Burner49;DisplayFor NNA-APP-AWS-Burner49;Attribute_NNA-APP-AWS-Burner49;OU=myOU,DC=mydomain,DC=com;description
NNA-APP-AWS-Burner50;DisplayFor NNA-APP-AWS-Burner50;Attribute_NNA-APP-AWS-Burner50;OU=myOU,DC=mydomain,DC=com;description
NNA-APP-AWS-Burner51;DisplayFor NNA-APP-AWS-Burner51;Attribute_NNA-APP-AWS-Burner51;OU=myOU,DC=mydomain,DC=com;description
NNA-APP-AWS-Burner52;DisplayFor NNA-APP-AWS-Burner52;Attribute_NNA-APP-AWS-Burner52;OU=myOU,DC=mydomain,DC=com;description
NNA-APP-AWS-Burner53;DisplayFor NNA-APP-AWS-Burner53;Attribute_NNA-APP-AWS-Burner53;OU=myOU,DC=mydomain,DC=com;description
NNA-APP-AWS-Burner54;DisplayFor NNA-APP-AWS-Burner54;Attribute_NNA-APP-AWS-Burner54;OU=myOU,DC=mydomain,DC=com;description
NNA-APP-AWS-Burner55;DisplayFor NNA-APP-AWS-Burner55;Attribute_NNA-APP-AWS-Burner55;OU=myOU,DC=mydomain,DC=com;description
NNA-APP-AWS-Burner56;DisplayFor NNA-APP-AWS-Burner56;Attribute_NNA-APP-AWS-Burner56;OU=myOU,DC=mydomain,DC=com;description
NNA-APP-AWS-Burner57;DisplayFor NNA-APP-AWS-Burner57;Attribute_NNA-APP-AWS-Burner57;OU=myOU,DC=mydomain,DC=com;description
NNA-APP-AWS-Burner58;DisplayFor NNA-APP-AWS-Burner58;Attribute_NNA-APP-AWS-Burner58;OU=myOU,DC=mydomain,DC=com;description
NNA-APP-AWS-Burner59;DisplayFor NNA-APP-AWS-Burner59;Attribute_NNA-APP-AWS-Burner59;OU=myOU,DC=mydomain,DC=com;description
NNA-APP-AWS-Burner60;DisplayFor NNA-APP-AWS-Burner60;Attribute_NNA-APP-AWS-Burner60;OU=myOU,DC=mydomain,DC=com;description
NNA-APP-AWS-Burner61;DisplayFor NNA-APP-AWS-Burner61;Attribute_NNA-APP-AWS-Burner61;OU=myOU,DC=mydomain,DC=com;description
NNA-APP-AWS-Burner62;DisplayFor NNA-APP-AWS-Burner62;Attribute_NNA-APP-AWS-Burner62;OU=myOU,DC=mydomain,DC=com;description
NNA-APP-AWS-Burner63;DisplayFor NNA-APP-AWS-Burner63;Attribute_NNA-APP-AWS-Burner63;OU=myOU,DC=mydomain,DC=com;description
NNA-APP-AWS-Burner64;DisplayFor NNA-APP-AWS-Burner64;Attribute_NNA-APP-AWS-Burner64;OU=myOU,DC=mydomain,DC=com;description
NNA-APP-AWS-Burner65;DisplayFor NNA-APP-AWS-Burner65;Attribute_NNA-APP-AWS-Burner65;OU=myOU,DC=mydomain,DC=com;description
NNA-APP-AWS-Burner66;DisplayFor NNA-APP-AWS-Burner66;Attribute_NNA-APP-AWS-Burner66;OU=myOU,DC=mydomain,DC=com;description
NNA-APP-AWS-Burner67;DisplayFor NNA-APP-AWS-Burner67;Attribute_NNA-APP-AWS-Burner67;OU=myOU,DC=mydomain,DC=com;description
NNA-APP-AWS-Burner68;DisplayFor NNA-APP-AWS-Burner68;Attribute_NNA-APP-AWS-Burner68;OU=myOU,DC=mydomain,DC=com;description
NNA-APP-AWS-Burner69;DisplayFor NNA-APP-AWS-Burner69;Attribute_NNA-APP-AWS-Burner69;OU=myOU,DC=mydomain,DC=com;description
NNA-APP-AWS-Burner70;DisplayFor NNA-APP-AWS-Burner70;Attribute_NNA-APP-AWS-Burner70;OU=myOU,DC=mydomain,DC=com;description
NNA-APP-AWS-Burner71;DisplayFor NNA-APP-AWS-Burner71;Attribute_NNA-APP-AWS-Burner71;OU=myOU,DC=mydomain,DC=com;description
NNA-APP-AWS-Burner72;DisplayFor NNA-APP-AWS-Burner72;Attribute_NNA-APP-AWS-Burner72;OU=myOU,DC=mydomain,DC=com;description
NNA-APP-AWS-Burner73;DisplayFor NNA-APP-AWS-Burner73;Attribute_NNA-APP-AWS-Burner73;OU=myOU,DC=mydomain,DC=com;description
NNA-APP-AWS-Burner74;DisplayFor NNA-APP-AWS-Burner74;Attribute_NNA-APP-AWS-Burner74;OU=myOU,DC=mydomain,DC=com;description
NNA-APP-AWS-Burner75;DisplayFor NNA-APP-AWS-Burner75;Attribute_NNA-APP-AWS-Burner75;OU=myOU,DC=mydomain,DC=com;description
NNA-APP-AWS-Burner76;DisplayFor NNA-APP-AWS-Burner76;Attribute_NNA-APP-AWS-Burner76;OU=myOU,DC=mydomain,DC=com;description
NNA-APP-AWS-Burner77;DisplayFor NNA-APP-AWS-Burner77;Attribute_NNA-APP-AWS-Burner77;OU=myOU,DC=mydomain,DC=com;description
NNA-APP-AWS-Burner78;DisplayFor NNA-APP-AWS-Burner78;Attribute_NNA-APP-AWS-Burner78;OU=myOU,DC=mydomain,DC=com;description
NNA-APP-AWS-Burner79;DisplayFor NNA-APP-AWS-Burner79;Attribute_NNA-APP-AWS-Burner79;OU=myOU,DC=mydomain,DC=com;description
NNA-APP-AWS-Burner80;DisplayFor NNA-APP-AWS-Burner80;Attribute_NNA-APP-AWS-Burner80;OU=myOU,DC=mydomain,DC=com;description
NNA-APP-AWS-Burner81;DisplayFor NNA-APP-AWS-Burner81;Attribute_NNA-APP-AWS-Burner81;OU=myOU,DC=mydomain,DC=com;description
NNA-APP-AWS-Burner82;DisplayFor NNA-APP-AWS-Burner82;Attribute_NNA-APP-AWS-Burner82;OU=myOU,DC=mydomain,DC=com;description
NNA-APP-AWS-Burner83;DisplayFor NNA-APP-AWS-Burner83;Attribute_NNA-APP-AWS-Burner83;OU=myOU,DC=mydomain,DC=com;description
NNA-APP-AWS-Burner84;DisplayFor NNA-APP-AWS-Burner84;Attribute_NNA-APP-AWS-Burner84;OU=myOU,DC=mydomain,DC=com;description
NNA-APP-AWS-Burner85;DisplayFor NNA-APP-AWS-Burner85;Attribute_NNA-APP-AWS-Burner85;OU=myOU,DC=mydomain,DC=com;description
NNA-APP-AWS-Burner86;DisplayFor NNA-APP-AWS-Burner86;Attribute_NNA-APP-AWS-Burner86;OU=myOU,DC=mydomain,DC=com;description
NNA-APP-AWS-Burner87;DisplayFor NNA-APP-AWS-Burner87;Attribute_NNA-APP-AWS-Burner87;OU=myOU,DC=mydomain,DC=com;description
NNA-APP-AWS-Burner88;DisplayFor NNA-APP-AWS-Burner88;Attribute_NNA-APP-AWS-Burner88;OU=myOU,DC=mydomain,DC=com;description
NNA-APP-AWS-Burner89;DisplayFor NNA-APP-AWS-Burner89;Attribute_NNA-APP-AWS-Burner89;OU=myOU,DC=mydomain,DC=com;description
NNA-APP-AWS-Burner90;DisplayFor NNA-APP-AWS-Burner90;Attribute_NNA-APP-AWS-Burner90;OU=myOU,DC=mydomain,DC=com;description
NNA-APP-AWS-Burner91;DisplayFor NNA-APP-AWS-Burner91;Attribute_NNA-APP-AWS-Burner91;OU=myOU,DC=mydomain,DC=com;description
NNA-APP-AWS-Burner92;DisplayFor NNA-APP-AWS-Burner92;Attribute_NNA-APP-AWS-Burner92;OU=myOU,DC=mydomain,DC=com;description
NNA-APP-AWS-Burner93;DisplayFor NNA-APP-AWS-Burner93;Attribute_NNA-APP-AWS-Burner93;OU=myOU,DC=mydomain,DC=com;description
NNA-APP-AWS-Burner94;DisplayFor NNA-APP-AWS-Burner94;Attribute_NNA-APP-AWS-Burner94;OU=myOU,DC=mydomain,DC=com;description
NNA-APP-AWS-Burner95;DisplayFor NNA-APP-AWS-Burner95;Attribute_NNA-APP-AWS-Burner95;OU=myOU,DC=mydomain,DC=com;description
NNA-APP-AWS-Burner96;DisplayFor NNA-APP-AWS-Burner96;Attribute_NNA-APP-AWS-Burner96;OU=myOU,DC=mydomain,DC=com;description
NNA-APP-AWS-Burner97;DisplayFor NNA-APP-AWS-Burner97;Attribute_NNA-APP-AWS-Burner97;OU=myOU,DC=mydomain,DC=com;description
NNA-APP-AWS-Burner98;DisplayFor NNA-APP-AWS-Burner98;Attribute_NNA-APP-AWS-Burner98;OU=myOU,DC=mydomain,DC=com;description
NNA-APP-AWS-Burner99;DisplayFor NNA-APP-AWS-Burner99;Attribute_NNA-APP-AWS-Burner99;OU=myOU,DC=mydomain,DC=com;description
NNA-APP-AWS-Burner100;DisplayFor NNA-APP-AWS-Burner100;Attribute_NNA-APP-AWS-Burner100;OU=myOU,DC=mydomain,DC=com;description
